timestamp,id,price,market_cap,volume,24h_change
2025-11-07T20:34:05.673377,bitcoin,102853,2050436915703,92040631231,1.11511
2025-11-07T20:34:05.673377,ethereum,3430.24,413444126277,39265435180,2.77786
2025-11-07T20:34:05.673377,tether,0.999444,183343964542,133528754082,-0.03096
2025-11-07T20:34:05.673377,ripple,2.34,140475360665,5597424009,5.50698
2025-11-07T20:34:05.673377,binancecoin,979.94,134963162765,2552276270,3.35411
2025-11-07T20:34:05.673377,solana,162.94,90171552230,6392896979,3.72779
2025-11-07T20:34:05.673377,usd-coin,0.999704,75468156917,12096194657,-0.00946
2025-11-07T20:34:05.673377,staked-ether,3424.92,29559189119,112505780,2.76504
2025-11-07T20:34:05.673377,tron,0.291591,27607477325,825911700,2.56034
2025-11-07T20:34:05.673377,dogecoin,0.179907,27312880446,2711033886,11.88394
